Pin ID,Publish Day,Guide,Template,Pin Title,Pin Description,Target Keyword,Tagged Topics,Destination URL
PIN-001,Day 1,No-drill storage,Numbered tips,7 No-Drill Storage Ideas for a Tiny Apartment,"Make a small apartment work harder without a renovation. Start with overlooked spaces behind doors, under beds, and above eye level. Read the renter-friendly guide.",small apartment organization,"Home organization; Small spaces; Storage ideas; Apartment organization; Decluttering",https://tidysmallspaces.github.io/guides/no-drill-storage.html
PIN-002,Day 1,Tiny entryway,Mistake and fix,The Tiny Entryway Mistake That Creates a Daily Pile,"Keys, bags, shoes, and mail need an obvious landing zone. Try this simple small-entryway reset before buying another organizer.",small entryway organization,"Entryway; Home organization; Storage ideas; Small spaces; Decluttering",https://tidysmallspaces.github.io/guides/tiny-entryway.html
PIN-003,Day 2,Storage checklist,Checklist,Measure These 4 Things Before Buying Under-Bed Storage,"Avoid under-bed bins that almost fit. Measure usable height, width, depth, and the path out before choosing storage.",under bed storage ideas,"Bedroom organization; Under bed storage; Storage ideas; Small spaces; Home organization",https://tidysmallspaces.github.io/guides/storage-checklist.html
PIN-004,Day 2,Wall height,Numbered tips,5 Renter-Friendly Ways to Use Wall Height,"Small home, empty wall space? These removable and renter-friendly ideas help you organize vertically without a complicated makeover.",renter friendly storage,"Home organization; Small spaces; Storage ideas; Shelving; Apartment organization",https://tidysmallspaces.github.io/guides/use-wall-height.html
PIN-005,Day 3,Entryway reset,Checklist,A 20-Minute Reset for a Cluttered Apartment Entrance,"Build a practical landing zone for the things you drop every day. This five-step checklist keeps a tiny entrance useful.",small entryway organization,"Entryway; Home organization; Decluttering; Storage ideas; Small spaces",https://tidysmallspaces.github.io/guides/entryway-reset.html
PIN-006,Day 3,Under-bed fit,Mistake and fix,Why Your Under-Bed Organizers Never Quite Fit,"The mistake is buying containers before measuring the real space. Use this checklist before your next storage reset.",under bed storage ideas,"Under bed storage; Bedroom organization; Storage ideas; Small spaces; Decluttering",https://tidysmallspaces.github.io/guides/under-bed-fit.html
PIN-007,Day 4,Overlooked storage,Mistake and fix,Stop Buying Storage Bins Before You Check These 3 Spots,"Before adding more containers, look behind doors, under furniture, and above eye level. Your apartment may have more useful space than you think.",small apartment organization,"Home organization; Apartment organization; Storage ideas; Small spaces; Decluttering",https://tidysmallspaces.github.io/guides/overlooked-storage-spots.html
PIN-008,Day 4,Entryway categories,Numbered tips,5 Things Every Small Entryway Needs a Home For,"A calm apartment entrance starts with five everyday categories: keys, bags, shoes, mail, and weather gear.",small space organization,"Entryway; Home organization; Storage ideas; Small spaces; Decluttering",https://tidysmallspaces.github.io/guides/entryway-categories.html
PIN-009,Day 5,Safer vertical storage,Checklist,A Safer Vertical Storage Plan for a Small Home,"Keep heavier items low and occasional-use items higher. Use this practical checklist to plan small-space storage more safely.",vertical storage ideas,"Home organization; Storage ideas; Shelving; Small spaces; Apartment organization",https://tidysmallspaces.github.io/guides/safer-vertical-storage.html
PIN-010,Day 5,Empty spaces,Numbered tips,7 Empty Spaces Renters Forget to Use,"Make a small home feel more useful by checking the empty spaces you already have. Start with these renter-friendly ideas.",renter friendly storage,"Home organization; Small spaces; Storage ideas; Apartment organization; Decluttering",https://tidysmallspaces.github.io/guides/empty-spaces.html
